Cluster_ID,Size,Size_Pct,No_Diabetes_Pct,Prediabetes_Pct,Diabetes_Pct,BMI,BMI_diff_pct,Age,Age_diff_pct,GenHlth,GenHlth_diff_pct,PhysHlth,PhysHlth_diff_pct,PhysActivity,PhysActivity_diff_pct,Smoker,Smoker_diff_pct,Fruits,Fruits_diff_pct,Veggies,Veggies_diff_pct,HvyAlcoholConsump,HvyAlcoholConsump_diff_pct,DiffWalk,DiffWalk_diff_pct
0,48616,19.164301482182278,63.658054961329604,3.20264933355274,33.139295705117654,32.27752180352147,13.72386827843585,9.403180023037683,17.06972696365504,3.917948823432615,56.00704100337249,16.94804179693928,299.52192094155424,0.46986588777357247,-37.893091699458175,0.6095729800888596,37.54878769374765,0.5324584498930394,-16.04988280223108,0.701312325160441,-13.56974040803306,0.038156162580220504,-32.102586115668224,0.6503208820141517,286.580905329467
1,205064,80.83569851781772,89.12095735965357,1.4990442008348612,9.379998439511567,27.458910388951743,-3.253616335507149,7.707071938516756,-4.046843161476674,2.177929817032731,-13.277992750653244,1.2297867982678579,-71.00981990254066,0.8245084461436429,8.98358827517682,0.4037178636913354,-8.901961643775769,0.6583895759372683,3.805061357982223,0.8375238949791285,3.217076130753991,0.06047380330043303,7.610791394878314,0.05392950493504467,-67.94180008922758
